id,country,accimp,conservative,age,gender,condition,crt_acc,country_long,female,college,fold,rt,acc,rt0,rt1,time_fitted,result,model_repr,loss,drift,B,x0,nondectime,rt_pred,acc_pred,rt0_pred,rt1_pred
29793,14,2.0,7.0,37,2,3,0,UK,1,1.0,1,2.0188235294117645,0.6470588235294118,2.0383333333333336,2.0081818181818183,2022-04-01 15:02:20.164230,success,"Model(name='condition-03_country-14_id-29793', drift=DriftConstant(drift=Fitted(0.9443895143667722, minval=-30, maxval=30)), noise=NoiseConstant(noise=1), bound=BoundConstant(B=Fitted(0.7761166063375474, minval=0.30000000000000004, maxval=30)), IC=ICPoint(x0=Fitted(-0.26245538455269163, minval=-0.30000000000000004, maxval=0.30000000000000004)), overlay=OverlayNonDecision(nondectime=Fitted(1.5073795210705916, minval=0.005, maxval=4.390000000000001)), dx=0.001, dt=0.01, T_dur=4.390000000000001, fitresult=FitResult(fitting_method='differential_evolution', method='auto', loss='BIC', value=38.27218469975349, nparams=4, samplesize=17, mess=''))",38.27218469975349,0.9443895143667722,0.7761166063375474,-0.26245538455269163,1.5073795210705916,2.0361941141022353,0.6549589004508236,2.034477616250443,2.037130385657759
