id,country,accimp,conservative,age,gender,condition,crt_acc,country_long,female,college,fold,rt,acc,rt0,rt1,time_fitted,result,model_repr,loss,drift,B,x0,nondectime,rt_pred,acc_pred,rt0_pred,rt1_pred
8293,4,2.0,7.0,24,1,3,1,China,0,0.0,1,4.401578947368422,0.6842105263157895,5.364999999999999,3.9569230769230765,2022-03-31 03:34:15.803619,success,"Model(name='condition-03_country-04_id-08293', drift=DriftConstant(drift=Fitted(0.16828073999383988, minval=-30, maxval=30)), noise=NoiseConstant(noise=1), bound=BoundConstant(B=Fitted(1.7711075137034475, minval=0.30000000000000004, maxval=30)), IC=ICPoint(x0=Fitted(0.16645836196574818, minval=-0.30000000000000004, maxval=0.30000000000000004)), overlay=OverlayNonDecision(nondectime=Fitted(1.5154003096262487, minval=0.005, maxval=9.440000000000001)), dx=0.001, dt=0.01, T_dur=9.440000000000001, fitresult=FitResult(fitting_method='differential_evolution', method='auto', loss='BIC', value=108.61657974274814, nparams=4, samplesize=19, mess=''))",108.61657974274814,0.16828073999383988,1.7711075137034475,0.16645836196574818,1.5154003096262487,4.090580973808845,0.6929859911272723,4.097971226539489,4.087170087933163
