id,country,accimp,conservative,age,gender,condition,crt_acc,country_long,female,college,fold,rt,acc,rt0,rt1,time_fitted,result,model_repr,loss,drift,B,x0,nondectime,rt_pred,acc_pred,rt0_pred,rt1_pred
29304,14,4.0,3.0,24,2,3,3,UK,1,1.0,1,4.538888888888888,0.7222222222222222,4.3100000000000005,4.6269230769230765,2022-04-01 14:22:40.893613,success,"Model(name='condition-03_country-14_id-29304', drift=DriftConstant(drift=Fitted(0.38764431449310255, minval=-30, maxval=30)), noise=NoiseConstant(noise=1), bound=BoundConstant(B=Fitted(1.7559991714768026, minval=0.30000000000000004, maxval=30)), IC=ICPoint(x0=Fitted(-0.29300206549686386, minval=-0.30000000000000004, maxval=0.30000000000000004)), overlay=OverlayNonDecision(nondectime=Fitted(1.7748502357214515, minval=0.005, maxval=9.629999999999999)), dx=0.001, dt=0.01, T_dur=9.629999999999999, fitresult=FitResult(fitting_method='differential_evolution', method='auto', loss='BIC', value=99.17533137036888, nparams=4, samplesize=18, mess=''))",99.17533137036888,0.38764431449310255,1.7559991714768026,-0.29300206549686386,1.7748502357214515,4.336371640601196,0.7253382224755986,4.324659338563011,4.340876372154344
